{
  "f1_macro_avg": 0.33606444607717173,
  "f1_scores": [
    0.2505265338598672,
    0.31543611704902025,
    0.3935378352870613,
    0.34181752214987604,
    0.3790042220400339
  ],
  "k": 5
}