{
  "f1_es": 0.35108229303525756,
  "f1_en": 0.2841310275895552,
  "f1_zh": 0.2841310275895552,
  "delta_en": -0.06695126544570235,
  "delta_zh": -0.06695126544570235
}